DRUG,RR,RS,SR,SS,pvalue
INH,483,2,1,467,1.0
RIF,480,0,1,497,1.0
PZA,256,3,0,351,0.25
EMB,360,0,2,576,0.5
BDQ,334,6,6,1336,1.0
LZD,111,2,0,1527,0.5
MXF,290,1,4,632,0.375
LEV,290,1,4,636,0.375
CFZ,64,2,3,878,1.0
DLM,18,1,0,739,1.0
AMI,213,5,0,719,0.0625
STM,224,6,0,313,0.03125
ETH,304,4,0,498,0.125
KAN,226,5,0,704,0.0625
CAP,195,7,2,584,0.1796875
